,filename,documentID
0,001.txt,JDKC-105M
1,002.txt,PUQK-674B
2,003.txt,VPBC-005
3,004.txt,YWCE-738I
4,005.txt,GHXO-669P
5,006.txt,KAWQ-187J
6,007.txt,SOCR-012L
7,008.txt,KDHH-278R
8,009.txt,JLCK-314G
9,010.txt,QXYP-302
10,011.txt,KBIU-888S
11,012.txt,AYEY-671H
12,013.txt,KKXQ-499
13,014.txt,ZVCZ-635K
14,015.txt,HRAM-828D
15,016.txt,HHIF-616S
16,017.txt,MLGR-878X
17,018.txt,NIXS-836H
18,019.txt,OESP-334
19,020.txt,MQHK-220P
20,021.txt,BWQF-732
21,022.txt,AOXA-744D
22,023.txt,AMCX-238Z
23,024.txt,ZRLB-963
24,025.txt,ZJXS-236K
25,026.txt,OGVB-726B
26,027.txt,OTPT-625L
27,028.txt,DLOI-457S
28,029.txt,UGNG-987P
29,030.txt,VLGL-512K
30,031.txt,MEVF-928T
31,032.txt,XTUU-890C
32,033.txt,LMFL-110
33,034.txt,PIGH-858P
34,035.txt,RIZC-127R
35,036.txt,YBHW-577V
36,037.txt,CRGU-326
37,038.txt,EXMG-013B
38,039.txt,XBFV-441P
39,040.txt,PTXN-906
40,041.txt,AJUO-808R
41,042.txt,FZHV-289W
42,043.txt,IFWQ-428L
43,044.txt,GFIB-810N
44,045.txt,LNQR-256
45,046.txt,PVYR-593X
46,047.txt,CXWG-362
47,048.txt,AVVP-372N
48,049.txt,HIKP-557S
49,050.txt,JMGH-608I
50,051.txt,RZIA-145G
51,052.txt,IBKV-251K
52,053.txt,KTUL-361B
53,054.txt,PUZZ-195H
54,055.txt,RSHE-829
55,056.txt,BTAR-174V
56,057.txt,TSAM-385Q
57,058.txt,RSYY-734T
58,059.txt,SSUD-401
59,060.txt,SBAC-693P
60,061.txt,LFWR-772Y
61,062.txt,TSBI-281
62,063.txt,RINK-392
63,064.txt,ETZD-846
64,065.txt,GQMX-983
65,066.txt,GGJQ-271
66,067.txt,PHYU-165S
67,068.txt,HLNI-938D
68,069.txt,PIMH-385U
69,070.txt,LWEW-582E
70,071.txt,BTCD-438F
71,072.txt,EJFC-205
72,073.txt,XWBA-608
73,074.txt,UGXI-811F
74,075.txt,FICA-623T
75,076.txt,AWMI-088K
76,077.txt,YSNS-697P
77,078.txt,YZJY-617P
78,079.txt,XFXG-118T
79,080.txt,AEBA-345H
80,081.txt,SDNM-432V
81,082.txt,FZHJ-523
82,083.txt,MEYM-146
83,084.txt,ELPI-149T
84,085.txt,USJW-494
85,086.txt,OJIB-671D
86,087.txt,ANKW-165P
87,088.txt,EFHN-444
88,089.txt,MGOB-327W
89,090.txt,WDCS-487
90,091.txt,EALY-521Z
91,092.txt,FRPL-275B
92,093.txt,FLZT-426
93,094.txt,CFQJ-830
94,095.txt,SPIL-111S
95,096.txt,HNRN-134B
96,097.txt,UDND-112
97,098.txt,EZDK-705A
98,099.txt,JJWD-835
99,100.txt,ESHL-668Y
100,101.txt,LXNO-661O
101,102.txt,YCUZ-432
102,103.txt,HQRE-637M
103,104.txt,TQCI-200A
104,105.txt,ZQTE-982B
105,106.txt,CFHG-288
106,107.txt,UJKR-627
107,108.txt,YHWW-255C
108,109.txt,AMLY-573J
109,110.txt,RHGF-926Y
110,111.txt,VYRH-360S
111,112.txt,AMRX-523T
112,113.txt,GPEK-672T
113,114.txt,AGCR-591A
114,115.txt,WNFK-465I
115,116.txt,EEMR-682A
116,117.txt,XMBY-038T
117,118.txt,ETJN-385Z
118,119.txt,ZFZV-394
119,120.txt,BLVY-265
120,121.txt,ERRM-330E
121,122.txt,JFGO-085F
122,123.txt,KGPU-366S
123,124.txt,PMFQ-998Z
